temperature_2m,relative_humidity_2m,precipitation,surface_pressure,wind_speed_10m,soil_moisture_0_to_7cm,timestamp
32.2,70,0.0,1010.4,2.6,0.386,2017-08-20 00:00:00
30.6,71,0.0,1011.1,1.89,0.386,2017-08-20 01:00:00
29.6,76,0.0,1011.8,2.28,0.386,2017-08-20 02:00:00
28.3,89,0.0,1012.8,2.47,0.386,2017-08-20 03:00:00
28.1,89,0.0,1012.9,2.53,0.386,2017-08-20 04:00:00
27.5,91,0.0,1013.2,2.51,0.386,2017-08-20 05:00:00
26.7,91,0.0,1013.1,2.38,0.386,2017-08-20 06:00:00
26.3,91,0.0,1012.9,2.28,0.386,2017-08-20 07:00:00
26.0,92,0.0,1012.5,2.19,0.386,2017-08-20 08:00:00
25.5,95,0.0,1012.3,1.63,0.386,2017-08-20 09:00:00
23.8,100,0.0,1012.3,1.96,0.386,2017-08-20 10:00:00
24.0,98,0.0,1012.3,1.06,0.386,2017-08-20 11:00:00
24.2,97,0.0,1013.0,0.89,0.386,2017-08-20 12:00:00
25.3,98,0.0,1013.5,0.92,0.386,2017-08-20 13:00:00
27.2,90,0.0,1014.1,0.4,0.385,2017-08-20 14:00:00
30.0,68,0.0,1014.4,0.57,0.384,2017-08-20 15:00:00
31.1,65,0.0,1014.3,0.45,0.383,2017-08-20 16:00:00
32.0,60,0.0,1014.3,0.41,0.381,2017-08-20 17:00:00
32.4,58,0.0,1014.0,0.94,0.378,2017-08-20 18:00:00
32.6,56,0.0,1013.5,1.97,0.376,2017-08-20 19:00:00
33.2,57,0.0,1012.9,3.02,0.374,2017-08-20 20:00:00
32.2,59,0.5,1012.3,3.58,0.377,2017-08-20 21:00:00
31.3,71,0.0,1012.4,2.76,0.374,2017-08-20 22:00:00
32.0,68,0.0,1011.9,2.5,0.373,2017-08-20 23:00:00
31.3,70,0.0,1012.0,2.62,0.372,2017-08-21 00:00:00
30.2,71,0.0,1012.4,2.34,0.372,2017-08-21 01:00:00
29.3,74,0.0,1013.0,2.69,0.372,2017-08-21 02:00:00
27.8,89,0.0,1013.8,2.76,0.372,2017-08-21 03:00:00
27.1,90,0.0,1014.3,2.19,0.372,2017-08-21 04:00:00
26.9,93,0.0,1014.8,1.84,0.372,2017-08-21 05:00:00
26.6,92,0.0,1015.2,1.49,0.372,2017-08-21 06:00:00
26.1,93,0.0,1015.1,1.36,0.372,2017-08-21 07:00:00
25.8,94,0.0,1015.0,1.49,0.372,2017-08-21 08:00:00
25.4,97,0.0,1014.8,1.57,0.372,2017-08-21 09:00:00
24.8,100,0.0,1014.6,0.82,0.373,2017-08-21 10:00:00
24.7,99,0.0,1015.0,0.81,0.373,2017-08-21 11:00:00
24.8,99,0.0,1014.7,1.2,0.373,2017-08-21 12:00:00
26.0,97,0.0,1015.1,1.41,0.373,2017-08-21 13:00:00
28.1,90,0.0,1015.6,1.7,0.373,2017-08-21 14:00:00
30.8,68,0.0,1015.8,2.33,0.372,2017-08-21 15:00:00
31.2,66,0.0,1016.0,2.56,0.371,2017-08-21 16:00:00
31.6,62,0.0,1015.9,3.16,0.37,2017-08-21 17:00:00
31.2,62,0.0,1015.8,3.5,0.368,2017-08-21 18:00:00
30.7,63,0.0,1015.5,3.64,0.366,2017-08-21 19:00:00
31.2,63,0.0,1015.3,3.86,0.366,2017-08-21 20:00:00
31.3,62,0.3,1014.6,3.97,0.368,2017-08-21 21:00:00
31.3,67,0.0,1014.0,2.91,0.363,2017-08-21 22:00:00
30.8,67,0.0,1013.9,2.69,0.362,2017-08-21 23:00:00
30.2,70,0.0,1013.9,2.62,0.361,2017-08-22 00:00:00
29.0,72,0.0,1014.7,2.92,0.361,2017-08-22 01:00:00
28.0,79,0.0,1015.1,2.98,0.361,2017-08-22 02:00:00
26.8,92,0.0,1015.8,2.83,0.361,2017-08-22 03:00:00
26.5,93,0.0,1016.2,1.7,0.361,2017-08-22 04:00:00
26.1,95,0.0,1016.1,1.57,0.361,2017-08-22 05:00:00
25.5,96,0.0,1015.7,1.94,0.361,2017-08-22 06:00:00
25.4,94,0.0,1015.2,2.09,0.361,2017-08-22 07:00:00
25.5,93,0.0,1014.7,1.75,0.361,2017-08-22 08:00:00
25.3,95,0.0,1014.4,1.5,0.361,2017-08-22 09:00:00
23.9,99,0.0,1014.0,1.7,0.364,2017-08-22 10:00:00
24.2,98,0.0,1014.2,1.5,0.364,2017-08-22 11:00:00
23.7,99,0.0,1014.2,1.21,0.364,2017-08-22 12:00:00
25.4,98,0.0,1014.9,0.64,0.364,2017-08-22 13:00:00
27.2,92,0.0,1015.3,0.57,0.365,2017-08-22 14:00:00
29.9,69,0.1,1015.7,0.71,0.365,2017-08-22 15:00:00
30.8,66,0.0,1016.0,0.36,0.364,2017-08-22 16:00:00
31.6,61,0.0,1016.1,0.54,0.363,2017-08-22 17:00:00
31.3,63,0.1,1015.3,1.14,0.362,2017-08-22 18:00:00
31.4,64,0.0,1014.9,1.88,0.361,2017-08-22 19:00:00
31.7,68,0.1,1014.4,2.56,0.359,2017-08-22 20:00:00
31.7,69,0.0,1013.6,2.72,0.363,2017-08-22 21:00:00
31.8,68,0.0,1012.9,1.66,0.358,2017-08-22 22:00:00
31.2,69,0.2,1012.9,2.64,0.368,2017-08-22 23:00:00
30.3,72,0.0,1012.8,2.9,0.368,2017-08-23 00:00:00
29.5,71,0.0,1012.4,2.5,0.368,2017-08-23 01:00:00
28.6,74,0.0,1012.3,2.6,0.368,2017-08-23 02:00:00
27.1,89,0.0,1012.9,2.14,0.367,2017-08-23 03:00:00
26.5,91,0.0,1013.1,1.9,0.367,2017-08-23 04:00:00
25.9,95,0.0,1013.2,1.68,0.367,2017-08-23 05:00:00
25.3,96,0.0,1013.4,1.49,0.367,2017-08-23 06:00:00
25.2,95,0.0,1013.3,1.42,0.367,2017-08-23 07:00:00
24.8,96,0.0,1012.9,1.92,0.367,2017-08-23 08:00:00
24.5,99,0.0,1012.7,1.73,0.367,2017-08-23 09:00:00
23.6,99,0.0,1012.4,1.82,0.367,2017-08-23 10:00:00
23.9,98,0.0,1012.8,1.51,0.367,2017-08-23 11:00:00
24.1,97,0.0,1012.8,0.78,0.367,2017-08-23 12:00:00
25.1,96,0.0,1012.9,0.42,0.367,2017-08-23 13:00:00
26.9,87,0.0,1012.9,0.32,0.367,2017-08-23 14:00:00
29.7,64,0.0,1013.0,0.51,0.366,2017-08-23 15:00:00
31.0,60,0.0,1013.0,1.0,0.364,2017-08-23 16:00:00
31.1,56,0.0,1012.4,1.68,0.362,2017-08-23 17:00:00
31.5,56,0.0,1011.7,1.98,0.36,2017-08-23 18:00:00
31.3,60,0.0,1010.7,1.97,0.359,2017-08-23 19:00:00
31.6,61,0.9,1009.8,2.11,0.357,2017-08-23 20:00:00
31.7,60,0.9,1009.8,3.58,0.378,2017-08-23 21:00:00
30.1,81,0.0,1008.9,2.0,0.375,2017-08-23 22:00:00
29.5,80,0.0,1008.7,2.69,0.374,2017-08-23 23:00:00
28.8,79,0.0,1008.8,2.26,0.373,2017-08-24 00:00:00
27.9,80,0.0,1009.2,1.39,0.373,2017-08-24 01:00:00
27.4,81,0.0,1009.6,1.3,0.373,2017-08-24 02:00:00
25.9,91,0.0,1009.8,1.26,0.373,2017-08-24 03:00:00
26.3,91,0.0,1010.0,1.5,0.373,2017-08-24 04:00:00
26.0,95,0.0,1010.1,1.33,0.376,2017-08-24 05:00:00
25.2,95,1.0,1010.0,1.28,0.376,2017-08-24 06:00:00
25.1,93,0.0,1009.8,1.26,0.376,2017-08-24 07:00:00
24.7,95,0.2,1009.6,1.22,0.376,2017-08-24 08:00:00
24.5,99,0.0,1009.1,1.34,0.376,2017-08-24 09:00:00
24.1,99,0.0,1009.6,1.91,0.377,2017-08-24 10:00:00
24.3,99,0.0,1009.0,1.51,0.376,2017-08-24 11:00:00
24.3,99,0.0,1009.9,2.04,0.376,2017-08-24 12:00:00
25.0,97,0.0,1009.8,1.5,0.376,2017-08-24 13:00:00
26.4,94,0.0,1010.1,1.63,0.376,2017-08-24 14:00:00
29.3,76,0.0,1010.2,1.33,0.375,2017-08-24 15:00:00
30.6,70,0.0,1009.7,2.15,0.374,2017-08-24 16:00:00
31.5,67,0.0,1009.5,2.6,0.372,2017-08-24 17:00:00
31.9,69,0.0,1009.2,2.62,0.371,2017-08-24 18:00:00
32.2,69,0.0,1008.8,2.92,0.369,2017-08-24 19:00:00
32.2,72,0.2,1007.9,3.51,0.367,2017-08-24 20:00:00
31.1,74,0.6,1007.4,4.52,0.365,2017-08-24 21:00:00
28.6,79,0.0,1006.7,2.14,0.372,2017-08-24 22:00:00
29.4,73,0.0,1006.4,2.61,0.371,2017-08-24 23:00:00
28.6,72,0.0,1006.6,3.47,0.37,2017-08-25 00:00:00
27.7,74,0.0,1007.3,2.65,0.37,2017-08-25 01:00:00
27.1,76,0.0,1007.4,2.88,0.37,2017-08-25 02:00:00
26.4,86,0.0,1008.2,3.91,0.37,2017-08-25 03:00:00
26.3,87,0.0,1008.0,3.76,0.37,2017-08-25 04:00:00
26.1,88,0.0,1008.3,3.41,0.373,2017-08-25 05:00:00
25.6,90,0.0,1008.1,3.54,0.373,2017-08-25 06:00:00
25.5,90,1.4,1007.9,3.76,0.378,2017-08-25 07:00:00
24.8,89,1.1,1007.8,4.0,0.403,2017-08-25 08:00:00
24.7,93,0.0,1007.1,4.14,0.404,2017-08-25 09:00:00
24.7,93,0.6,1007.6,3.66,0.408,2017-08-25 10:00:00
25.0,93,0.0,1007.6,3.56,0.408,2017-08-25 11:00:00
25.0,91,0.5,1008.0,4.24,0.412,2017-08-25 12:00:00
24.9,93,0.8,1008.3,4.69,0.417,2017-08-25 13:00:00
24.9,91,0.9,1009.0,4.92,0.427,2017-08-25 14:00:00
25.0,90,1.0,1008.3,6.56,0.439,2017-08-25 15:00:00
25.1,90,1.3,1008.2,7.62,0.454,2017-08-25 16:00:00
25.0,92,1.3,1008.5,8.42,0.467,2017-08-25 17:00:00
25.2,93,1.3,1008.4,8.22,0.482,2017-08-25 18:00:00
24.9,93,1.5,1008.3,7.64,0.498,2017-08-25 19:00:00
25.7,93,3.0,1007.4,7.88,0.507,2017-08-25 20:00:00
26.0,90,0.9,1006.5,9.12,0.511,2017-08-25 21:00:00
25.5,91,1.3,1006.4,8.59,0.497,2017-08-25 22:00:00
25.7,89,0.8,1006.5,9.21,0.498,2017-08-25 23:00:00
25.4,90,0.8,1006.7,8.95,0.496,2017-08-26 00:00:00
25.6,89,0.3,1006.6,9.73,0.492,2017-08-26 01:00:00
25.7,89,0.5,1006.6,9.44,0.492,2017-08-26 02:00:00
25.7,93,1.1,1007.2,9.46,0.501,2017-08-26 03:00:00
25.7,92,1.7,1007.4,10.2,0.508,2017-08-26 04:00:00
25.8,91,1.9,1007.8,9.7,0.511,2017-08-26 05:00:00
26.0,90,2.1,1006.9,8.65,0.514,2017-08-26 06:00:00
25.7,92,0.7,1006.6,7.96,0.512,2017-08-26 07:00:00
25.6,94,0.9,1006.8,7.53,0.516,2017-08-26 08:00:00
25.6,96,3.1,1006.2,7.24,0.509,2017-08-26 09:00:00
25.7,94,2.4,1005.9,7.78,0.505,2017-08-26 10:00:00
26.0,95,2.7,1006.0,7.91,0.51,2017-08-26 11:00:00
25.8,94,3.6,1006.6,7.2,0.513,2017-08-26 12:00:00
25.8,93,6.0,1007.2,6.32,0.517,2017-08-26 13:00:00
25.2,94,6.1,1007.3,6.67,0.515,2017-08-26 14:00:00
25.6,93,5.4,1008.0,6.44,0.517,2017-08-26 15:00:00
25.9,92,3.7,1007.9,6.44,0.504,2017-08-26 16:00:00
25.9,93,4.5,1008.4,6.79,0.517,2017-08-26 17:00:00
25.9,96,4.8,1007.9,6.86,0.515,2017-08-26 18:00:00
25.8,96,5.2,1007.6,7.12,0.504,2017-08-26 19:00:00
26.1,95,2.9,1007.2,7.1,0.505,2017-08-26 20:00:00
26.2,95,3.2,1006.8,6.66,0.503,2017-08-26 21:00:00
26.6,90,2.6,1006.8,6.19,0.516,2017-08-26 22:00:00
26.2,91,2.1,1007.0,6.77,0.508,2017-08-26 23:00:00
25.7,93,2.5,1006.8,7.56,0.506,2017-08-27 00:00:00
25.8,93,2.3,1006.9,8.25,0.51,2017-08-27 01:00:00
25.4,93,2.5,1006.8,8.61,0.518,2017-08-27 02:00:00
25.1,95,3.1,1007.7,8.98,0.509,2017-08-27 03:00:00
24.7,95,2.7,1007.6,9.36,0.492,2017-08-27 04:00:00
25.0,95,2.0,1007.7,9.39,0.516,2017-08-27 05:00:00
25.1,94,2.0,1007.3,8.95,0.506,2017-08-27 06:00:00
24.9,95,1.8,1006.7,8.52,0.507,2017-08-27 07:00:00
24.8,96,2.3,1006.2,7.92,0.512,2017-08-27 08:00:00
24.7,96,3.6,1006.1,7.83,0.512,2017-08-27 09:00:00
24.7,94,5.6,1005.4,6.88,0.518,2017-08-27 10:00:00
24.8,94,6.6,1005.5,6.06,0.512,2017-08-27 11:00:00
24.5,95,8.2,1006.1,5.34,0.52,2017-08-27 12:00:00
24.6,95,8.4,1006.1,4.95,0.518,2017-08-27 13:00:00
24.6,96,8.6,1006.1,5.39,0.508,2017-08-27 14:00:00
24.9,95,5.8,1006.0,6.4,0.516,2017-08-27 15:00:00
25.0,95,4.2,1005.7,6.51,0.516,2017-08-27 16:00:00
24.8,96,6.9,1005.8,6.4,0.514,2017-08-27 17:00:00
24.7,95,7.3,1005.3,6.38,0.506,2017-08-27 18:00:00
24.9,95,2.9,1004.5,7.16,0.509,2017-08-27 19:00:00
24.9,95,4.2,1004.1,7.16,0.506,2017-08-27 20:00:00
24.6,94,2.2,1003.2,7.52,0.52,2017-08-27 21:00:00
26.3,91,5.1,1002.6,6.42,0.512,2017-08-27 22:00:00
26.1,92,6.9,1002.4,6.04,0.511,2017-08-27 23:00:00
